user_id,item_id
120334338,102830219
108404067,102851090
108404067,102846787
108404067,102839309
108404067,102839263
108404067,102782937
108404067,102423529
108404067,102340143
108404067,102319966
108404067,102313191
108404067,102310378
108404067,102307681
108404067,102306871
108404067,102292087
108404067,102252626
108404067,102251596
109802134,102849430
109802134,102846877
109802134,102846125
109802134,102839929
109802134,102835793
109802134,102831985
109802134,102828186
109802134,102826534
109802134,102818590
109802134,102812712
109802134,102809052
109802134,102806848
109802134,102805763
109802134,102805714
109802134,102803110
113530574,102825330
113530574,102785664
113530574,102309540
113530574,102258703
113530574,102242847
113530574,102241950
113530574,102241081
113530574,101894820
113530574,101894221
113530574,101893931
113530574,101893407
115633625,102827699
115633625,102398229
115633625,102322313
105331536,102814399
105331536,102290731
105331536,102282314
105331536,102278281
105331536,102259593
105331536,102257777
105331536,102256851
105331536,102247673
105331536,102244858
105331536,102230059
105331536,102226128
105331536,102214352
105331536,102207993
105331536,102178901
105331536,102171674
106119715,102850101
106119715,102845064
106119715,102843925
106119715,102825712
106119715,102814455
106119715,102810810
106119715,102805746
106119715,102785314
106119715,102749293
106119715,102340592
106119715,102321935
106119715,102302321
106119715,102297018
106119715,102292276
106119715,102289025
103807796,102240710
110573065,102845680
110573065,102833107
110573065,102827821
110573065,102819296
110573065,102812612
110573065,102809819
110573065,102774258
110573065,102339916
110573065,102329439
110573065,102328969
110573065,102311316
103096891,102847095
103096891,102843938
103096891,102840844
103096891,102831335
103096891,102815077
103096891,102810991
103096891,102808114
103096891,102807519
103096891,102804494
103096891,102781592
103096891,102767094
103096891,102764486
103096891,102761738
103096891,102760423
103096891,102753848
119987797,102318141
105869700,102823717
105869700,102822903
105869700,102804696
105869700,102790543
105869700,102783887
105869700,102783868
105869700,102783855
105869700,102777054
105869700,102776258
105869700,102776247
105869700,102764128
105869700,102748897
105869700,102311512
105869700,102311117
105869700,102311110
101083426,102836224
101083426,102326374
101083426,102221614
101083426,102146940
101083426,102138706
101083426,102120803
101083426,102000916
101083426,101834269
101083426,101834160
101083426,101815451
101083426,101779015
101083426,101769262
101083426,100628101
101083426,100626339
101083426,100549955
108404067,102248648
108404067,102242792
108404067,102237013
108404067,102231786
108404067,102189802
108404067,102185444
108404067,102184336
108404067,102183173
108404067,102181616
108404067,102180752
108404067,102180021
108404067,102178963
108404067,102175454
108404067,102174899
108404067,102169388
109802134,102783820
109802134,102782363
109802134,102775596
109802134,102774851
109802134,102774801
109802134,102765269
109802134,102753565
109802134,102751384
109802134,102421532
109802134,102420579
105331536,102170655
105331536,102169502
105331536,102167572
105331536,102166326
105331536,102162202
105331536,102160517
105331536,102158743
105331536,102137723
105331536,102136408
105331536,102133123
105331536,102132334
105331536,102130361
105331536,102129143
105331536,102127803
105331536,102125510
103096891,102432648
103096891,102428596
103096891,102422794
103096891,102422774
103096891,102420578
103096891,102415729
103096891,102397872
103096891,102396453
103096891,102396276
103096891,102394761
103096891,102387038
103096891,102351448
103096891,102344056
103096891,102340652
103096891,102338953
105869700,102306755
105869700,102306710
105869700,102302380
105869700,102301671
105869700,102301667
105869700,102301633
105869700,102284133
105869700,102284117
105869700,102284082
105869700,102278303
105869700,102278296
105869700,102278286
105869700,102277384
105869700,102263313
105869700,102263293
101083426,100539682
101083426,100536539
101083426,100529343
101083426,100529276
101083426,100527909
101083426,100527899
101083426,100527862
101083426,100220423
120022133,102847150
120022133,102824891
120022133,102813222
108404067,102168924
108404067,102168063
108404067,102168060
108404067,102167487
108404067,102161810
108404067,102149757
108404067,102140695
108404067,102140112
108404067,102137657
108404067,102137653
108404067,102132917
108404067,102131530
108404067,102128438
108404067,102123635
108404067,102122744
118414668,102848176
118414668,102842978
118414668,102839180
118414668,102839169
118414668,102838543
118414668,102838346
118414668,102837444
118414668,102836533
118414668,102836529
118414668,102836179
118414668,102835734
118414668,102834925
118414668,102834923
118414668,102833084
118414668,102831309
105807268,101813693
105807268,101809086
105807268,101808794
105331536,102115879
105331536,102052174
105331536,102000186
105331536,101896891
105331536,101895054
105331536,101894074
105331536,101892645
105331536,101892525
105331536,101892011
105331536,101891372
105331536,101890679
105331536,101890046
105331536,101889381
105331536,101888347
105331536,101885586
108350690,102846640
108350690,102839269
108350690,102834451
108350690,102828586
108350690,102818001
108350690,102817904
108350690,102816811
108350690,102808214
108350690,102807462
108350690,102052850
108350690,102052782
108350690,101848080
108350690,101848074
101686086,102831821
101686086,102218588
101686086,101100165
101686086,100573877
116786332,102847372
116786332,102833093
116786332,102832957
116786332,102831111
116786332,102825043
116786332,102824616
116786332,102821311
116786332,102820638
116786332,102820601
116786332,102819080
116786332,102818674
116786332,102818608
116786332,102818519
116786332,102818464
116786332,102811872
103096891,102329396
103096891,102323585
103096891,102319102
103096891,102317153
103096891,102313447
103096891,102308044
103096891,102299510
103096891,102298362
103096891,102297889
103096891,102288153
103096891,102282688
103096891,102277927
103096891,102268600
103096891,102265768
103096891,102263470
112389166,102849674
112389166,102847358
112389166,102838600
112389166,102835120
112389166,102831381
112389166,102820176
112389166,102819157
112389166,102815821
112389166,102806204
112389166,102788491
112389166,102783522
112389166,102773308
112389166,102422779
112389166,102417087
112389166,102416049
105869700,102235203
105869700,102231954
105869700,102230054
105869700,102228274
105869700,102228242
105869700,102228232
105869700,102228146
105869700,102228137
105869700,102225190
105869700,102225186
105869700,102223388
105869700,102221973
105869700,102221968
105869700,102221952
105869700,102221944
100012799,100565744
100012799,100504829
100012799,100504240
100012799,100447363
100012799,100447299
100012799,100447228
100012799,100443214
100012799,100442233
100012799,100440776
100012799,100439659
100012799,100434488
100012799,100432983
100012799,100429541
100012799,100428881
100012799,100428647
10715400,102849737
10715400,102849281
10715400,102848593
10715400,102844859
10715400,102842147
10715400,102840713
10715400,102840702
10715400,102837864
10715400,102837814
10715400,102837714
10715400,102831826
10715400,102830028
10715400,102825849
10715400,102825410
10715400,102825233
116402453,102806604
118414668,102831295
118414668,102830509
118414668,102828446
118414668,102827572
118414668,102826309
118414668,102825878
118414668,102825082
118414668,102823490
118414668,102822770
118414668,102822640
118414668,102821811
118414668,102821810
118414668,102813458
118414668,102812405
118414668,102803773
106789718,102803030
106789718,102796810
106789718,102790425
106789718,102790424
106789718,102758986
106789718,102758153
106789718,102430023
106789718,102417291
106789718,102309635
106789718,102235891
106789718,102132790
106789718,100587016
106789718,100581999
106789718,100560501
116786332,102810427
116786332,102807009
116786332,102804423
116786332,102795442
116786332,102795021
116786332,102785219
116786332,102785184
116786332,102783583
116786332,102783158
116786332,102771566
116786332,102770786
116786332,102769282
116786332,102767024
116786332,102766286
116786332,102764718
103133391,100387487
11473001,102327397
11473001,102327211
11473001,102264454
11473001,102248110
11473001,102221736
11473001,101806294
11473001,101800698
11473001,101768269
112389166,102204985
112389166,102157417
112389166,102152697
100491792,100640642
100491792,100636080
100491792,100596485
100491792,100585291
100491792,100580778
100491792,100580158
100491792,100579890
100491792,100579761
100491792,100561562
100491792,100561170
100491792,100559940
100491792,100559837
100491792,100559687
100491792,100559658
100491792,100522084
101133632,102318899
101133632,102315970
101133632,102312139
101133632,102233300
101133632,102228279
114056604,102831879
114056604,102829979
114056604,102824455
114056604,102824432
114056604,102824418
114056604,102820267
114056604,102809807
114056604,102808840
114056604,102807550
114056604,102807526
114056604,102807356
114056604,102807337
114056604,102805318
114056604,102805299
114056604,102804697
100012799,100428638
100012799,100426815
100012799,100425904
100012799,100400793
10715400,102824997
10715400,102824053
10715400,102823477
10715400,102820505
10715400,102820450
10715400,102820205
10715400,102819523
10715400,102819406
10715400,102818298
10715400,102817495
10715400,102810929
10715400,102798795
10715400,102797742
10715400,102797103
10715400,102797081
118414668,102801430
118414668,102797864
118414668,102416195
118414668,102326360
118414668,102324206
118414668,102319557
118414668,102317450
118414668,102314156
118414668,102304584
118414668,102303305
118414668,102303130
118414668,102302863
118414668,102302860
118414668,102291957
118414668,102279485
100446244,102845960
100446244,102842243
100446244,102842148
100446244,102839979
100446244,102837533
100446244,102826730
100446244,102821234
100446244,102821164
100446244,102817323
100446244,102812488
100446244,102809333
100446244,102779002
100446244,102778146
100446244,102768196
100446244,102768094
109536196,102849069
109536196,102848131
109536196,102846701
109536196,102842284
109536196,102835248
109536196,102826645
109536196,102822963
109536196,102822254
109536196,102817969
109536196,102811320
109536196,102807731
109536196,102804302
109536196,102803443
109536196,102788197
109536196,102784106
116786332,102764527
116786332,102762779
116786332,102761050
116786332,102754132
116786332,102747473
116786332,102432091
116786332,102431279
116786332,102430595
116786332,102426438
116786332,102426003
116786332,102422579
116786332,102420419
116786332,102420350
116786332,102398569
116786332,102396638
100491792,100271497
100491792,100271492
100491792,100271484
100491792,100271476
114056604,102804612
114056604,102799500
114056604,102799353
114056604,102799247
114056604,102799191
114056604,102799171
114056604,102799159
114056604,102797934
114056604,102797520
114056604,102796729
114056604,102796719
114056604,102796705
114056604,102796384
114056604,102796268
114056604,102796153
10715400,102796815
10715400,102796407
10715400,102786082
10715400,102785095
10715400,102783513
10715400,102774732
10715400,102774523
10715400,102772957
10715400,102767354
10715400,102763683
10715400,102761289
10715400,102754785
10715400,102752437
10715400,102750627
10715400,102749700
100830123,102839521
100830123,102837734
100830123,102834482
100830123,102833470
100830123,102829581
100830123,102827927
100830123,102140750
100830123,102118852
100830123,101893139
100830123,101888986
100830123,101885601
100830123,101879311
100830123,101875481
100830123,101872054
100830123,101869689
100446244,102765563
100446244,102762612
100446244,102759008
100446244,102757103
100446244,102751378
100446244,102426000
100446244,102420296
100446244,102420289
100446244,102420228
100446244,102395967
100446244,102341867
100446244,102341587
100446244,102341014
100446244,102338338
100446244,102338327
109536196,102775735
109536196,102771321
109536196,102764323
109536196,102754215
109536196,102751937
109536196,102431087
109536196,102422166
109536196,102322785
109536196,102319994
109536196,102317632
109536196,102317617
109536196,102317306
109536196,102317134
109536196,102316688
109536196,102316287
111359379,102815955
111359379,102398287
111359379,102338676
111359379,102321062
111359379,102295312
111359379,102291315
111359379,102239668
104237473,102848391
104237473,102826786
104237473,102818361
104237473,102811515
104237473,102785146
104237473,102750938
122770907,102849304
122770907,102797408
122770907,102797404
122770907,102795750
122770907,102795032
122770907,102795011
122770907,102795001
122770907,102785115
102945839,101870020
102945839,101798509
102945839,101791430
114056604,102794514
114056604,102789889
114056604,102786612
114056604,102786539
114056604,102785865
114056604,102785041
114056604,102782104
114056604,102781713
114056604,102776033
114056604,102775993
114056604,102775050
114056604,102764474
114056604,102764255
114056604,102760716
114056604,102757831
110539622,102285908
107037560,100636896
100830123,101868605
100830123,101862621
100830123,101858867
100830123,101856579
100830123,101855377
100830123,101853724
100830123,101853039
100830123,101846634
100830123,101805106
100830123,101773598
100830123,100639288
100830123,100638700
100830123,100637458
100830123,100634013
100830123,100633433
11220928,102850285
11220928,102809311
11220928,102807404
11220928,102804190
11220928,102801534
11220928,102787113
11220928,102785420
11220928,102784656
11220928,102783905
11220928,102774693
11220928,102769474
11220928,102767996
11220928,102765801
11220928,102759381
11220928,102756666
100446244,102334813
100446244,102334142
100446244,102332730
100446244,102302075
100446244,102295954
100446244,102286298
100446244,102280715
100446244,102270521
100446244,102264880
100446244,102264852
100446244,102264798
100446244,102259186
100446244,102259168
100446244,102255302
100446244,102255228
109536196,102315793
109536196,102315691
109536196,102315410
109536196,102314490
109536196,102313954
109536196,102313078
109536196,102312476
109536196,102311874
109536196,102311167
109536196,102307585
109536196,102296063
109536196,102296050
109536196,102294421
109536196,102294409
109536196,102294403
105244193,102839533
105244193,102837829
105244193,102809335
105244193,101775047
105244193,101774433
105244193,101773105
109995538,102757837
109995538,102431999
109995538,102428042
109995538,102329364
109959268,102851037
109959268,102851004
109959268,102850250
109959268,102850115
109959268,102850087
109959268,102848169
109959268,102847387
109959268,102847377
109959268,102846951
109959268,102846835
109959268,102846736
109959268,102845688
109959268,102845686
109959268,102845101
109959268,102845046
100830123,100632721
100830123,100631948
100830123,100631292
100830123,100628483
100830123,100626728
100830123,100626206
100830123,100624773
100830123,100623600
100830123,100622937
100830123,100622313
100830123,100621793
100830123,100621266
100830123,100620727
100830123,100620059
100830123,100619292
109789249,102850506
109789249,102846084
109789249,102835303
109789249,102830353
109789249,102827119
109789249,102823809
109789249,102820800
109789249,102817837
109789249,102812037
109789249,102806548
109789249,102783846
109789249,102770909
109789249,102770179
109789249,102762923
109789249,102758169
11220928,102753829
11220928,102752850
11220928,102750130
11220928,102750126
11220928,102398514
11220928,102397678
11220928,102392244
11220928,102386822
11220928,102351169
11220928,102340412
11220928,102334674
11220928,102314346
11220928,102307883
11220928,102307881
11220928,102307123
101405952,102812237
101405952,102751899
101405952,102292974
101405952,102222229
101405952,101896673
101405952,101859031
101405952,101836473
101405952,101796280
101405952,101767436
101405952,100632686
101405952,100588848
122840281,102851277
103705932,102270381
103705932,102253872
103705932,102142004
103705932,100633413
103705932,100584480
114898116,102847971
114898116,102835417
114898116,102804339
114898116,102782424
114898116,102755804
114898116,102750330
114898116,102422107
114898116,102339934
114898116,102327732
114898116,102320517
114898116,102311087
114898116,102301456
114898116,102293610
114898116,102276541
114898116,102271700
109959268,102845011
109959268,102844863
109959268,102844808
109959268,102844767
109959268,102844489
109959268,102844288
109959268,102844217
109959268,102844167
109959268,102844076
109959268,102844021
109959268,102843951
109959268,102843251
109959268,102843180
109959268,102843144
109959268,102843121
108093299,102850454
108093299,102847164
108093299,102846240
108093299,102837096
108093299,102836344
108093299,102836104
108093299,102835602
108093299,102834711
108093299,102833828
108093299,102832623
108093299,102831922
108093299,102831127
108093299,102830529
108093299,102829899
108093299,102828880
109870288,102838480
109870288,102817557
109870288,102782980
109870288,102758230
109870288,102752566
109870288,102750792
109870288,102750079
109870288,102431206
109870288,102320357
109870288,102306653
109870288,102306606
109870288,102295314
109870288,102283310
109870288,102282600
109870288,102265162
114822618,102431084
114822618,102368773
114822618,102334734
114822618,102331868
114822618,102275393
114822618,102260750
114822618,102260262
114822618,102258341
114822618,102244476
114822618,102189530
114822618,102163687
114822618,102159750
114822618,102153736
114822618,102152524
114822618,102148213
109789249,102754060
109789249,102749764
109789249,102429512
109789249,102428559
109789249,102426402
109789249,102398566
109789249,102343652
109789249,102338486
109789249,102285433
109789249,102246120
109789249,102232879
109789249,102197091
109789249,102180588
109789249,102139240
109789249,102123145
11220928,102304469
11220928,102304072
11220928,102302576
11220928,102297091
11220928,102296326
11220928,102296325
11220928,102288569
11220928,102271550
11220928,102259616
11220928,102254358
11220928,102250997
11220928,102244857
11220928,102244156
11220928,102239205
11220928,102237422
111117849,102822717
111117849,102820158
111117849,102810770
111117849,102798773
111117849,102794430
111117849,102327696
111117849,102306669
111117849,102301450
111117849,102299986
111117849,102293697
111117849,102288205
111117849,102279966
111117849,102249203
111117849,102243633
111117849,102241616
117581774,102843029
117581774,102839631
117581774,102837628
117581774,102826172
117581774,102820278
117581774,102816306
117581774,102808331
117581774,102761027
117581774,102758695
117581774,102424924
117581774,102334439
117820160,102850446
117820160,102847362
117820160,102845674
117820160,102841522
117820160,102838507
117820160,102830768
117820160,102823400
117820160,102820186
117820160,102817485
117820160,102815066
117820160,102808301
117820160,102803130
117820160,102796902
117820160,102796409
117820160,102790567
114898116,102267830
114898116,102253554
114898116,102249062
114898116,102247545
114898116,102243476
114898116,102234947
114898116,102232931
114898116,102231972
114898116,102227994
114898116,102226889
114898116,102226457
114898116,102223744
114898116,102220483
114898116,102219301
114898116,102218282
109959268,102843113
109959268,102842379
109959268,102842306
109959268,102842255
109959268,102840749
109959268,102840709
109959268,102840265
109959268,102840214
109959268,102840178
109959268,102840087
109959268,102840014
109959268,102839991
109959268,102839351
109959268,102839276
109959268,102839173
108093299,102827977
108093299,102827387
108093299,102825400
108093299,102824096
108093299,102821565
108093299,102814758
108093299,102810887
108093299,102809567
108093299,102807385
108093299,102805762
108093299,102801961
108093299,102392525
108093299,102340735
108093299,102340564
108093299,102278257
109870288,102262040
109870288,102259958
109870288,102256644
109870288,102255847
109870288,102238787
109870288,102227883
109870288,102225519
109870288,102205087
109870288,102204234
109870288,102188795
109870288,102183666
109870288,102171476
109870288,102161332
109870288,102160511
109870288,102123751
109511441,102833137
109511441,102829298
109511441,102813412
109511441,102806374
109511441,102795665
109511441,102785208
109511441,102766087
109511441,102757471
109511441,102752600
109511441,102747306
109511441,102422417
109511441,102340547
109511441,102335064
109511441,102330414
109511441,102327744
111117849,102240697
111117849,102235940
111117849,102215049
111117849,102203936
111117849,102202264
111117849,102200132
111117849,102195871
111117849,102186876
111117849,102186751
111117849,102185054
111117849,102183028
111117849,102176532
111117849,102175593
111117849,102173930
111117849,102172843
104598070,102340375
104598070,102338104
104598070,102304314
104598070,102278839
104598070,102221341
107198091,102847232
107198091,102840174
107198091,102831676
107198091,102826869
107198091,102819213
107198091,102818099
107198091,102812808
107198091,102805772
107198091,102797678
107198091,102787558
107198091,102776236
107198091,102760859
107198091,102755267
107198091,102752901
107198091,102431563
103472516,102755894
103472516,102316013
103472516,102264768
103472516,102264547
103472516,102230711
103472516,102230405
103472516,101770840
103472516,101764652
103472516,101762234
103472516,101301420
103472516,100635402
103472516,100634960
103472516,100531878
103472516,100512731
103472516,100512501
117820160,102790421
117820160,102789115
117820160,102788625
117820160,102783504
117820160,102775961
117820160,102771036
117820160,102750380
117820160,102325699
114898116,102217614
114898116,102216817
114898116,102215970
114898116,102214256
114898116,102212961
114898116,102212098
114898116,102211190
114898116,102208736
114898116,102207887
114898116,102206867
114898116,102205041
114898116,102203980
114898116,102203621
114898116,102203007
114898116,102202295
102851752,102851091
102851752,102850817
102851752,102850713
102851752,102850236
102851752,102850106
102851752,102849784
102851752,102849238
102851752,102849160
102851752,102848855
102851752,102848392
102851752,102848248
102851752,102847941
102851752,102847506
102851752,102847180
102851752,102846598
108093299,102271065
108093299,102250697
108093299,102244137
108093299,102234039
108093299,102218695
108093299,102218087
108093299,102216166
108093299,102213624
108093299,102211875
108093299,102211775
108093299,102210923
108093299,102210818
108093299,102210003
108093299,102209316
108093299,102208254
109870288,102118756
109870288,101878649
109870288,101876551
111949935,102839291
111949935,102836076
111949935,102823773
111949935,102822113
111949935,102814489
111949935,102810493
111949935,102805783
111949935,102803990
111949935,102784597
111949935,102775919
111949935,102769368
111949935,102758936
111949935,102755264
111949935,102751040
111949935,102747185
101273911,102851169
101273911,102839310
101273911,102836844
101273911,101894098
101273911,100413193
101273911,100411973
109511441,102325009
109511441,102320304
109511441,102315584
109511441,102312978
109511441,102308501
109511441,102292041
109511441,102286560
109511441,102280947
109511441,102279821
109511441,102278993
109511441,102265862
109511441,102264141
109511441,102251378
109511441,102236129
109511441,102233860
111117849,102170015
107198091,102422249
107198091,102340274
107198091,102320913
107198091,102317375
107198091,102308765
107198091,102289501
107198091,102277936
107198091,102270504
107198091,102264451
107198091,102258122
107198091,102244215
107198091,102236784
107198091,102225280
107198091,102218120
107198091,102200871
116452387,102850785
116452387,102847914
116452387,102847009
116452387,102844689
116452387,102842362
116452387,102840164
116452387,102832845
116452387,102831715
116452387,102831011
116452387,102830580
116452387,102827799
116452387,102826081
116452387,102824919
116452387,102823679
116452387,102822587
104274074,102841639
104274074,102840939
104274074,102840934
104274074,102839339
104274074,102839020
104274074,102838667
104274074,102821148
104274074,102817043
104274074,102812506
104274074,102795203
104274074,102790491
104274074,102789364
104274074,102786663
104274074,102782252
104274074,102755638
106853284,102843381
106853284,102836762
106853284,102835065
106853284,102830422
106853284,102828146
106853284,102823550
106853284,102821136
106853284,102818548
106853284,102816183
106853284,102807103
106853284,102794353
106853284,102786761
106853284,102783120
106853284,102778294
106853284,102776397
103472516,100509271
103472516,100500663
103472516,100499705
103472516,100498960
103472516,100480820
100448252,102847197
100448252,102846915
100448252,102845813
100448252,102839459
100448252,102824114
100448252,102822594
100448252,102818018
100448252,102810477
100448252,102809607
100448252,102808232
100448252,102804127
100448252,102785988
100448252,102763104
100448252,102752680
100448252,102751828
102851752,102846263
102851752,102845801
102851752,102845437
102851752,102844101
102851752,102844002
102851752,102843612
102851752,102843116
102851752,102842692
102851752,102842258
102851752,102842211
102851752,102841970
102851752,102841272
102851752,102840773
102851752,102840759
102851752,102840456
122769847,102838237
105943414,102843890
105943414,102841805
105943414,102841053
105943414,102836549
105943414,102827640
105943414,102822196
105943414,102820468
105943414,102820123
105943414,102817483
105943414,102813619
105943414,102812476
105943414,102807318
105943414,102806517
105943414,102781941
105943414,102774623
111949935,102431636
111949935,102420646
111949935,102416407
111949935,102396798
111949935,102395513
111949935,102340772
111949935,102337623
111949935,102336639
111949935,102321746
111949935,102311124
111949935,102280215
111949935,102207186
111949935,102163872
111949935,102162947
111949935,102159760
109511441,102228998
109511441,102221838
109511441,102218357
109511441,102213461
109511441,102211600
109511441,102190829
109511441,102189726
109511441,102187926
109511441,102172421
109511441,102171306
109511441,102169688
109511441,102168194
109511441,102151312
109511441,102149264
109511441,102144751
112985975,102850698
112985975,102846418
112985975,102842983
112985975,102835825
112985975,102813199
112985975,102804620
112985975,102797394
112985975,102795539
112985975,102775167
112985975,102771148
112985975,102761878
112985975,102751509
112985975,102425498
112985975,102420561
112985975,102343215
107198091,102195736
107198091,102192465
107198091,102188570
116452387,102821367
116452387,102817494
116452387,102812974
116452387,102807315
116452387,102806126
116452387,102803927
116452387,102798306
116452387,102258215
116452387,102256259
116452387,102205080
116452387,102197732
116452387,102197424
104274074,102752791
104274074,102750871
104274074,102747955
104274074,102432456
104274074,102430181
104274074,102428193
104274074,102423215
104274074,102419362
104274074,102395771
104274074,102343764
104274074,102341570
104274074,102339505
104274074,102333926
104274074,102332985
104274074,102331922
106853284,102771082
106853284,102767161
106853284,102762083
106853284,102760259
106853284,102754274
106853284,102429136
106853284,102425250
106853284,102417501
106853284,102394319
106853284,102341115
106853284,102339368
106853284,102337568
106853284,102334717
106853284,102333672
106853284,102332751
107542754,102849105
107542754,102842819
107542754,102836192
107542754,102822132
107542754,102820539
107542754,102817212
107542754,102807424
107542754,102805328
107542754,102799012
107542754,102796820
107542754,102796456
107542754,102789305
107542754,102788476
107542754,102787480
107542754,102785106
115453850,102782359
115453850,102774874
115453850,102767932
115453850,102422855
115453850,102396671
115453850,102393763
115453850,102351616
115453850,102339124
115453850,102335319
115453850,102324003
115453850,102321187
115453850,102313861
115453850,102297208
115453850,102284919
115453850,102277407
100448252,102749972
100448252,102426970
100448252,102423944
100448252,102421635
100448252,102396760
100448252,102396289
100448252,102395376
100448252,102392452
100448252,102389013
100448252,102384967
100448252,102369247
100448252,102369024
100448252,102351670
100448252,102351049
100448252,102336026
102851752,102840012
102851752,102839789
102851752,102839245
102851752,102838978
102851752,102838468
102851752,102837719
102851752,102836020
102851752,102835399
102851752,102834507
102851752,102833632
102851752,102832544
102851752,102831599
102851752,102830882
102851752,102830257
102851752,102829318
105943414,102772797
105943414,102759343
105943414,102755300
105943414,102432356
105943414,102431682
105943414,102416222
105943414,102395451
105943414,102385054
105943414,102351359
105943414,102336098
105943414,102335709
105943414,102329636
105943414,102327759
105943414,102323882
105943414,102319462
111949935,102140298
111949935,102136975
111949935,102134399
111949935,102134019
111949935,102131122
111949935,102123164
111949935,102121580
111949935,102121019
111949935,102052859
111949935,101883665
111949935,101873120
105559830,102850660
105559830,102848218
105559830,102847439
105559830,102844026
105559830,102843996
105559830,102841538
105559830,102840808
105559830,102839235
105559830,102838423
105559830,102838401
105559830,102835921
105559830,102834833
105559830,102830261
105559830,102828781
105559830,102822227
112985975,102331274
112985975,102325681
112985975,102324733
112985975,102315471
112985975,102310057
112985975,102298541
112985975,102291314
112985975,102289014
112985975,102276035
112985975,102270688
112985975,102268396
112985975,102267445
112985975,102265498
112985975,102259256
112985975,102257754
100724243,102197552
100724243,102197511
100724243,101819660
100724243,101772782
100724243,100634305
100724243,100622967
100724243,100567119
100724243,100537779
100724243,100526544
100724243,100526184
100724243,100446429
100724243,100444020
100724243,100442951
100724243,100431338
100724243,100426668
104274074,102329832
104274074,102301171
104274074,102298718
104274074,102292051
104274074,102288461
104274074,102288275
104274074,102282203
104274074,102219921
104274074,102163292
104274074,102161855
104274074,102120552
104274074,101891858
104274074,101876842
104274074,101841690
104274074,101797582
106853284,102330436
106853284,102297812
106853284,102267332
106853284,102253648
106853284,102233574
106853284,102226998
106853284,102217039
106853284,102211603
106853284,102209000
106853284,102158398
106853284,102150742
106853284,101939286
106853284,101845310
106853284,101801667
106853284,101796263
107542754,102777891
107542754,102770783
107542754,102770227
107542754,102761908
107542754,102758663
107542754,102421727
107542754,102418313
107542754,102418223
107542754,102343549
107542754,102341141
107542754,102333703
107542754,102329278
107542754,102328961
107542754,102328090
107542754,102323588
115453850,102265906
115453850,102252755
115453850,102242199
115453850,102192154
115453850,102191582
115453850,102181663
100448252,102328591
100448252,102325962
100448252,102325395
100448252,102324191
100448252,102314976
100448252,102314086
100448252,102305317
100448252,102301214
100448252,102295781
100448252,102295752
100448252,102291455
100448252,102260477
100448252,102258626
100448252,102253988
100448252,102248461
112957828,102850447
112957828,102847984
112957828,102846034
112957828,102845361
112957828,102841570
112957828,102838926
112957828,102838729
112957828,102838530
112957828,102837159
112957828,102836882
112957828,102836852
112957828,102831673
112957828,102831343
112957828,102827655
112957828,102825265
11621645,102849356
11621645,102845787
11621645,102841523
11621645,102835283
11621645,102831856
11621645,102822687
11621645,102821078
11621645,102819831
11621645,102815397
11621645,102810133
11621645,102808395
11621645,102798832
11621645,102786004
11621645,102785247
11621645,102784095
105943414,102316435
105943414,102315791
105943414,102299840
105943414,102297898
105943414,102296242
105943414,102292077
105943414,102274532
105943414,102272705
105943414,102268028
105943414,102265909
105943414,102261046
105943414,102246514
105943414,102242571
105943414,102241745
105943414,102237121
104095616,102844479
104095616,102822303
104095616,102816382
104095616,102812859
104095616,102811974
104095616,102804283
104095616,102327169
104095616,102319729
104095616,102318775
104095616,102316022
104095616,102314295
104095616,102313385
104095616,102311652
104095616,102309181
104095616,102308778
105559830,102805526
105559830,102804734
105559830,102796922
105559830,102783032
105559830,102777349
105559830,102771208
105559830,102766976
105559830,102766018
105559830,102416114
105559830,102394268
105559830,102394147
105559830,102340880
105559830,102340161
105559830,102339312
105559830,102339291
112985975,102243326
112985975,102242336
112985975,102241373
112985975,102238688
112985975,102236804
112985975,102223224
112985975,102222822
112985975,102222450
112985975,102213010
112985975,102208929
112985975,102206748
112985975,102205639
112985975,102203772
112985975,102199825
112985975,102196297
100724243,100420430
100724243,100417248
100724243,100416996
100724243,100376874
100724243,100161011
100724243,100161006
100724243,100050953
100724243,100050948
100724243,100049766
100724243,100049764
100724243,100049761
100724243,100049758
100724243,100049755
100724243,100046738
100724243,100046583
121241166,102819100
100000831,102850219
100000831,102849228
100000831,102841176
100000831,102836219
100000831,102835758
100000831,102835336
100000831,102835334
100000831,102835333
100000831,102829545
100000831,102829403
100000831,102825351
100000831,102825338
100000831,102772885
100000831,102765265
100000831,102758661
107542754,102320747
107542754,102318270
107542754,102312973
107542754,102310522
107542754,102300636
107542754,102297508
107542754,102293953
107542754,102292444
107542754,102292204
107542754,102290106
107542754,102290098
107542754,102287262
107542754,102286093
107542754,102284875
107542754,102283858
112957828,102825252
112957828,102824836
112957828,102819063
112957828,102815377
112957828,102790516
112957828,102790223
112957828,102789677
112957828,102789667
112957828,102781676
112957828,102337834
112957828,102334030
112957828,102329582
112957828,102324916
112957828,102297730
112957828,102297100
11621645,102769370
11621645,102767857
11621645,102759087
11621645,102757266
11621645,102754345
11621645,102753385
11621645,102416660
11621645,102394691
11621645,102394144
11621645,102338304
11621645,102334758
11621645,102324138
11621645,102323278
11621645,102319136
11621645,102317725
10168159,102850234
10168159,102830125
10168159,102822675
10168159,102821094
10168159,102816031
10168159,102805308
10168159,102804733
10168159,102803177
10168159,102431452
10168159,102290723
10168159,102290709
10168159,102290686
10168159,102268891
10168159,102246929
10168159,102246713
104095616,102307963
104095616,102305300
104095616,102304408
104095616,102302551
104095616,102301061
104095616,102298780
104095616,102297924
104095616,102297332
104095616,102296418
104095616,102293164
104095616,102292389
104095616,102291687
104095616,102289358
104095616,102286944
104095616,102286006
105559830,102339163
105559830,102330449
105559830,102323879
105559830,102323861
105559830,102316880
105559830,102315805
105559830,102308753
105559830,102304723
105559830,102296781
105559830,102296389
105559830,102292576
105559830,102291746
105559830,102290497
105559830,102287252
105559830,102287237
116017043,102832921
102051900,102850959
102051900,102848945
102051900,102848934
102051900,102846506
102051900,102843534
102051900,102843169
102051900,102836085
102051900,102834066
102051900,102832250
102051900,102831946
102051900,102826756
102051900,102826753
102051900,102819293
102051900,102819248
102051900,102816593
100724243,100046412
100724243,100046408
100000831,102758496
100000831,102758155
100000831,102757314
100000831,102755397
100000831,102754753
100000831,102754744
100000831,102754642
100000831,102753331
100000831,102752763
100000831,102752073
100000831,102751270
100000831,102751062
100000831,102749919
100000831,102431286
100000831,102430311
116863110,102843164
116863110,102837520
116863110,102836545
116863110,102833117
116863110,102830718
116863110,102826085
110224135,102841651
110224135,102834007
110224135,102825899
110224135,102815854
110224135,102809008
110224135,102805547
110224135,102786920
110224135,102777644
110224135,102769935
110224135,102431181
110224135,102429902
110224135,102428567
110224135,102387286
110224135,102384878
110224135,102351289
112957828,102295066
112957828,102294795
112957828,102294522
112957828,102294219
112957828,102285284
11621645,102316464
11621645,102309275
11621645,102304839
11621645,102296758
11621645,102262968
11621645,102262434
11621645,102254487
11621645,102242579
11621645,102229129
11621645,102220791
11621645,102218643
11621645,102215902
11621645,102213300
11621645,102209556
11621645,102204686
10168159,102246074
10168159,102244931
10168159,102243806
10168159,102243080
10168159,102242810
10168159,102242785
10168159,102242684
10168159,102238918
10168159,102236049
10168159,102181939
10168159,102156670
10168159,102156530
10168159,102127781
10168159,102126592
10168159,102046641
104095616,102285291
104095616,102280453
104095616,102274737
104095616,102271233
104095616,102268286
104095616,102266237
104095616,102265330
104095616,102264359
104095616,102257981
104095616,102257109
104095616,102256523
104095616,102249867
104095616,102246954
104095616,102246157
104095616,102244101
101688483,102847199
101688483,102826750
101688483,102795149
101688483,102773665
101688483,101893804
101688483,101839706
101688483,101778632
101688483,100531240
101688483,100443749
101688483,100437501
111492958,102823048
111492958,102368569
111492958,102336741
111492958,102333185
111492958,102324784
111492958,102309544
111492958,102303522
111492958,102295786
111492958,101845954
102051900,102814997
102051900,102814299
102051900,102803040
102051900,102803039
102051900,102796818
102051900,102795560
102051900,102784380
102051900,102781842
102051900,102777575
102051900,102769317
102051900,102755234
102051900,102748751
102051900,102429020
102051900,102424145
102051900,102392098
113424186,102260704
107905112,102837678
107905112,102834275
107905112,102828349
107905112,102814359
107905112,102812545
107905112,102812469
107905112,102787868
107905112,102780946
107905112,102755312
107905112,102300723
107905112,102298275
107905112,102297543
107905112,102296777
107905112,102283872
107905112,102271741
100000831,102430024
100000831,102428481
100000831,102425076
100000831,102424437
100000831,102423483
100000831,102423380
100000831,102422511
100000831,102420762
100000831,102417128
100000831,102416885
100000831,102416673
100000831,102416282
100000831,102415932
100000831,102415736
100000831,102398492
101617708,102850490
101617708,102849559
101617708,102847923
101617708,102847901
101617708,102846745
101617708,102845935
101617708,102839807
101617708,102838853
101617708,102836099
101617708,102833963
101617708,102833942
101617708,102820885
101617708,102820712
101617708,102818687
101617708,102818666
110224135,102340736
110224135,102340453
110224135,102340350
110224135,102340305
110224135,102339721
110224135,102339466
110224135,102339404
110224135,102338412
110224135,102338398
110224135,102337628
110224135,102337376
110224135,102337178
110224135,102336684
110224135,102336658
110224135,102334807
111449976,102428745
10168159,102003299
10168159,101896816
10168159,101895744
10168159,101885558
10168159,101868099
10168159,101867340
10168159,101867274
10168159,101867262
10168159,101867246
10168159,101866868
10168159,101866771
10168159,101865656
10168159,101865516
10168159,101860947
10168159,101858337
10871931,102813301
10871931,102773495
10871931,102768848
10871931,102754281
10871931,102752530
10871931,102747074
10871931,102425930
10871931,102418533
10871931,102417546
10871931,102415773
10871931,102152776
10871931,102152750
10871931,100559166
10871931,100559163
10871931,100478688
102051900,102350985
102051900,102333100
102051900,102324801
102051900,102320060
102051900,102311968
102051900,102307468
102051900,102300343
102051900,102300111
102051900,102285002
102051900,102271795
102051900,102262012
102051900,102255516
102051900,102242681
102051900,102242009
102051900,102235837
107905112,102271738
107905112,102264843
107905112,102259325
107905112,102258385
107905112,102255541
107905112,102254336
107905112,102253025
107905112,102250745
107905112,102250418
107905112,102248345
107905112,102244526
107905112,102243514
107905112,102241126
107905112,102239683
107905112,102231647
110217923,102845904
110217923,102844318
110217923,102840096
110217923,102835371
110217923,102833446
110217923,102824633
110217923,102824443
110217923,102817874
110217923,102814733
110217923,102215247
103845018,102851125
103845018,102850460
103845018,102844839
103845018,102840415
103845018,102839374
103845018,102836025
103845018,102833498
103845018,102818947
103845018,102811735
103845018,102806566
103845018,102804622
103845018,102804158
103845018,102803121
103845018,102801624
103845018,102790218
101617708,102813938
101617708,102812338
101617708,102809738
101617708,102807332
101617708,102806919
101617708,102804201
101617708,102804189
101617708,102803636
101617708,102796826
101617708,102795773
101617708,102794805
101617708,102794783
101617708,102794757
101617708,102790950
101617708,102789640
10140888,102850798
10140888,102850092
10140888,102848467
10140888,102847807
10140888,102840792
10140888,102839524
10140888,102835162
10140888,102833142
10140888,102832260
10140888,102826497
10140888,102826494
10140888,102820973
10140888,102810994
10140888,102810193
10140888,102804230
110224135,102334779
110224135,102334770
110224135,102334768
110224135,102333930
110224135,102333883
110224135,102333836
110224135,102333341
110224135,102332807
110224135,102332186
110224135,102331478
110224135,102326705
110224135,102324338
110224135,102320035
110224135,102308313
110224135,102301959
108154157,102834981
108154157,102833113
108154157,101809334
108154157,101808976
108154157,101808623
108154157,101808567
108154157,101808503
108154157,101808449
117912106,102850642
117912106,102847550
117912106,102844023
117912106,102843440
117912106,102843131
117912106,102838696
117912106,102828800
117912106,102822749
117912106,102812807
117912106,102790559
117912106,102781099
117912106,102778344
117912106,102777648
11419341,102305955
11419341,102185681
11419341,102179724
11419341,102120570
11419341,102117549
11419341,101895878
11419341,101849322
11419341,101846793
11419341,101845714
11419341,101839951
11419341,101836924
11419341,101836123
11419341,101824166
11419341,101823945
11419341,101822018
113425595,102837076
113425595,102814274
113425595,102812694
113425595,102812408
113425595,102812406
113425595,102809391
113425595,102808429
113425595,102808089
113425595,102807153
113425595,102806639
113425595,102804685
113425595,102801482
113425595,102798149
113425595,102798117
113425595,102796496
10871931,100474071
10871931,100474031
10871931,100474020
10871931,100466175
10871931,100458183
10871931,100458174
10871931,100458168
10871931,100456195
10871931,100456187
10871931,100455331
10871931,100455324
10871931,100269561
10871931,100269507
10871931,100269498
10871931,100244907
114573485,102822287
114573485,102307858
114573485,102252851
114573485,102244568
114573485,102226515
114573485,102223478
107905112,102230484
107905112,102230021
107905112,102229548
107905112,102225899
107905112,102219258
107905112,102213876
107905112,102211244
107905112,102210754
107905112,102208745
107905112,102205389
107905112,102202986
107905112,102201944
107905112,102200877
107905112,102200229
107905112,102198707
103845018,102786312
103845018,102782177
103845018,102762451
103845018,102759575
103845018,102757119
103845018,102752306
103845018,102749846
103845018,102749263
103845018,102429343
103845018,102428530
103845018,102421778
103845018,102415884
103845018,102397363
103845018,102368655
103845018,102339660
101617708,102789114
101617708,102787959
101617708,102786522
101617708,102785743
101617708,102784844
101617708,102784811
101617708,102784783
101617708,102770437
101617708,102770380
101617708,102770367
101617708,102761973
101617708,102759324
101617708,102756617
101617708,102755491
101617708,102755326
10140888,102786496
10140888,102786202
10140888,102781210
10140888,102776601
10140888,102775178
10140888,102774115
10140888,102774109
10140888,102770601
10140888,102765421
10140888,102340901
10140888,102230716
10140888,102228015
10140888,102219398
10140888,102218292
10140888,102216902
117060034,102815025
117060034,102807087
117060034,102788588
117060034,102771683
117060034,102428694
117060034,102393932
117060034,102386639
117060034,102338905
117060034,102337607
117060034,102329388
117060034,102329361
117060034,102327593
117060034,102326654
117060034,102322855
117060034,102320728
115768672,102834594
115768672,102830852
115768672,102827149
115768672,102826381
115768672,102823173
115768672,102821861
115768672,102816919
115768672,102812742
115768672,102807534
115768672,102801846
115768672,102797462
115768672,102787377
115768672,102781915
115768672,102775483
115768672,102770650
11419341,101820331
11419341,101814655
11419341,101813976
11419341,101812672
11419341,101812671
11419341,101812520
11419341,101812064
11419341,101812060
11419341,101811333
11419341,101809865
11419341,101809186
11419341,101808058
11419341,101808001
11419341,101807096
11419341,100637336
113425595,102795319
113425595,102795312
113425595,102794814
113425595,102794798
113425595,102794785
113425595,102790777
113425595,102790178
113425595,102789516
113425595,102788872
113425595,102788017
113425595,102787966
113425595,102786893
113425595,102786827
113425595,102786046
113425595,102785598
10871931,100211282
10871931,100211268
10871931,100126765
113346609,102807163
113346609,102749137
113346609,102328265
115973323,102838410
115973323,102834318
115973323,102829526
115973323,102828854
115973323,102828500
115973323,102827619
115973323,102824929
115973323,102822463
115973323,102821675
115973323,102819329
115973323,102819163
115973323,102819152
115973323,102817960
115973323,102814696
115973323,102813020
103845018,102337357
103845018,102336314
103845018,102333746
103845018,102322137
103845018,102312837
103845018,102310613
103845018,102301555
103845018,102301289
103845018,102292446
103845018,102291432
103845018,102284204
103845018,102282733
103845018,102249679
103845018,102214958
103845018,102192253
115423295,102850444
115423295,102849442
115423295,102848389
115423295,102820689
115423295,102818649
115423295,102816863
115423295,102430290
115423295,102218896
115423295,102217921
115423295,102216413
115423295,102214900
115423295,102211586
115423295,102211571
115423295,102210899
10140888,102214955
10140888,102212813
10140888,102208629
10140888,102203860
10140888,102191810
10140888,102189831
10140888,102187292
10140888,102181747
10140888,102179446
10140888,102172441
10140888,102170056
10140888,102163863
10140888,101888559
10140888,101882552
10140888,101880068
117060034,102317391
117060034,102314032
117060034,102313973
117060034,102310306
117060034,102308516
117060034,102308361
117060034,102308308
117060034,102307599
117060034,102305936
117060034,102303823
117060034,102301628
117060034,102301627
117060034,102299180
117060034,102299036
117060034,102298304
115768672,102396684
115768672,102330480
115768672,102325390
115768672,102306779
115768672,102300435
115768672,102285227
115768672,102284791
115768672,102279045
115768672,102278572
115768672,102275716
115768672,102273693
115768672,102271969
115768672,102266259
115768672,102264499
115768672,102262601
110201612,102846503
110201612,102846309
110201612,102843651
110201612,102835721
110201612,102337713
110201612,102312373
110201612,102310542
110201612,102279267
110201612,102277012
110201612,102250282
110201612,102222632
110201612,102218726
110201612,102207669
110201612,102123306
110201612,102123007
113018398,102849898
113018398,102833291
113018398,102826668
113018398,102825100
113018398,102813362
113018398,102808303
113018398,102806338
113018398,102805457
113018398,102797386
113018398,102788400
113018398,102785889
113018398,102421650
113018398,102237195
11419341,100636259
11419341,100633472
11419341,100415555
11419341,100413705
11419341,100411871
11419341,100410675
11419341,100410335
11419341,100410110
11419341,100409572
11419341,100408621
11419341,100408594
11419341,100408363
11419341,100407201
11419341,100407104
11419341,100405731
113425595,102772948
113425595,102772116
113425595,102772087
113425595,102769597
113425595,102752448
113425595,102418199
113425595,102416005
113425595,102397192
113425595,102339799
113425595,102336185
113425595,102323804
113425595,102310189
113425595,102295193
113425595,102293874
113425595,102290135
109667239,102850859
109667239,102835670
109667239,102835285
109667239,102835281
109667239,102822176
109667239,102819227
109667239,102810067
109667239,102808371
109667239,102807869
109667239,102807397
109667239,102804549
109667239,102804181
109667239,102799130
109667239,102797090
109667239,102797089
117466983,102831010
117466983,102813701
117466983,102341643
117466983,102251001
117466983,102250996
117466983,102250963
117466983,102247972
117466983,102247963
117466983,102246189
117466983,102246180
117466983,102245327
117466983,102245317
117466983,102244381
117466983,102244323
115973323,102810619
115973323,102810534
115973323,102809303
115973323,102807658
115973323,102805872
115973323,102804742
115973323,102804469
115973323,102804461
115973323,102803454
115973323,102803125
115973323,102421907
115973323,102396702
107038347,102765463
109560017,102839494
109560017,102839477
109560017,102835240
109560017,102835236
109560017,102835235
109560017,102820138
109560017,102820088
109560017,102816018
109560017,102809359
109560017,102807147
109560017,102804880
109560017,102786261
109560017,102778460
109560017,102772649
109560017,102769412
117060034,102297334
117060034,102296100
117060034,102291241
117060034,102290526
117060034,102289541
117060034,102289137
117060034,102286880
117060034,102286878
117060034,102285773
117060034,102285041
117060034,102284120
117060034,102283031
117060034,102281033
117060034,102280250
117060034,102279058
104481800,102849492
104481800,102844063
104481800,102841677
104481800,102839135
104481800,102771922
104481800,102771918
104481800,102771916
104481800,102341262
104481800,102223743
104481800,102212519
104481800,102200191
104481800,102183794
104481800,102177149
104481800,102159914
104481800,102150777
115768672,102259054
115768672,102258003
115768672,102256137
115768672,102253948
115768672,102250886
115768672,102250841
115768672,102246142
115768672,102241362
115768672,102239964
115768672,102237495
115768672,102236010
115768672,102230017
115768672,102228886
115768672,102228862
115768672,102224063
110201612,102117920
110201612,102117506
105259473,102847481
105259473,102846491
105259473,102837459
105259473,102831847
105259473,100538104
112849195,102166787
109667239,102784694
109667239,102777124
109667239,102772785
109667239,102769196
109667239,102767795
109667239,102759408
109667239,102757630
109667239,102756533
109667239,102753880
109667239,102752882
109667239,102750968
109667239,102750099
109667239,102747165
109667239,102287579
109667239,102266101
122890862,102811915
110806568,102812751
110806568,102810277
110806568,102794919
110806568,102772911
110806568,102771929
110806568,102395621
110806568,102395449
110806568,102385012
110806568,102384966
110806568,102337236
110806568,102334376
110806568,102306250
110806568,102277494
110806568,102270280
110806568,102264329
116018682,102843547
116018682,102834013
116018682,102831361
116018682,102831351
116018682,102831342
116018682,102831331
116018682,102831324
116018682,102831318
116018682,102831306
116018682,102831302
116018682,102830819
116018682,102830809
116018682,102830227
116018682,102830212
116018682,102830048
109560017,102769304
109560017,102765759
109560017,102758297
109560017,102752694
109560017,102748915
109560017,102432155
109560017,102428611
109560017,102428610
109560017,102425725
109560017,102424261
109560017,102397542
109560017,102385216
109560017,102368963
109560017,102343344
109560017,102339655
103605587,102837439
103605587,102837433
103605587,102152585
104481800,102145858
104481800,102128925
104481800,102123092
104481800,102117281
104481800,101937279
104481800,101893385
104481800,101853701
104481800,101835150
104481800,101834563
104481800,101833626
104481800,101829988
104481800,101821072
104481800,101790555
104481800,101751304
104481800,100640815
116659204,102850747
116659204,102848785
116659204,102846452
116659204,102842548
116659204,102840884
116659204,102840208
116659204,102840201
116659204,102839694
116659204,102839152
116659204,102838839
116659204,102837817
116659204,102836840
116659204,102836272
116659204,102833465
116659204,102832476
100681839,102824204
100681839,102431977
100681839,102416403
100681839,102339072
100681839,102298173
100681839,102294311
100681839,102259805
100681839,102178699
100681839,102135492
100681839,101869951
100681839,101828807
100681839,100641758
100681839,100641067
100681839,100634245
109667239,102262307
109667239,102250724
109667239,102237260
109667239,102231735
109667239,102223143
109667239,102204277
109667239,102185614
109667239,102184191
109667239,102177010
109667239,102166915
109667239,102165241
109667239,102163951
109667239,102162737
109667239,102143846
109667239,102141209
11111246,102839160
11111246,102836399
11111246,102777317
11111246,102775870
11111246,102774977
11111246,102773223
11111246,102771288
11111246,102766154
11111246,102427722
11111246,102384721
11111246,102340585
11111246,102336428
11111246,102333969
11111246,102291467
11111246,102244840
110806568,102252695
110806568,102252647
110806568,102246703
110806568,102225207
110806568,102224911
110806568,102217123
110806568,102212993
110806568,102212036
110806568,102210810
110806568,102207600
110806568,102206450
110806568,102196366
110806568,102196364
110806568,101851792
117663509,102846646
117663509,102836102
117663509,102806607
117663509,102766833
117663509,102427220
117663509,102340516
117663509,102320966
117663509,102319626
117663509,102315577
117663509,102247713
116018682,102830023
116018682,102830021
109560017,102339479
109560017,102338825
109560017,102338785
109560017,102334354
109560017,102333120
109560017,102332254
109560017,102306650
109560017,102277223
109560017,102241957
109560017,102229540
109560017,102222597
109560017,102184466
109560017,102178890
109560017,102171548
109560017,102170934
116659204,102830448
116659204,102829707
116659204,102829000
116659204,102828066
116659204,102827265
116659204,102827014
116659204,102825576
116659204,102824664
116659204,102823356
116659204,102822159
116659204,102821485
116659204,102820559
116659204,102817971
116659204,102816211
116659204,102814523
104481800,100635821
104481800,100634669
104481800,100633463
104481800,100630188
104481800,100627319
104481800,100621322
104481800,100605462
104481800,100596061
104481800,100582756
104481800,100579461
104481800,100550981
104481800,100525797
104481800,100512094
104481800,100488529
104481800,100480640
110563345,102834464
110563345,102788116
110563345,102773968
110563345,102758516
110563345,102750765
110563345,102430824
110563345,102427764
110563345,102420515
110563345,102394308
110563345,102335165
110563345,102333996
110563345,102333369
110563345,102331815
110563345,102321275
110563345,102319645
110135967,102238079
110135967,102237811
110135967,102228362
115960659,102787842
115960659,102783402
11111246,102244087
11111246,102236630
11111246,102192500
11111246,102158247
11111246,102146392
11111246,101895582
11111246,101893474
11111246,101867284
11111246,101867250
11111246,101861158
11111246,100003085
11111246,100001523
11111246,100001505
11111246,1101219
100133569,102850684
100133569,102849191
100133569,102842613
100133569,102839077
100133569,102838477
100133569,102838162
100133569,102836296
100133569,102832760
100133569,102830645
100133569,102829082
100133569,102823462
100133569,102815856
100133569,102814872
100133569,102777549
100133569,102772928
107331412,102794652
107331412,102427461
107331412,102397095
107331412,102337039
107331412,102336073
107331412,102328813
107331412,102323346
107331412,102292531
107331412,102290617
107331412,102288441
107331412,102284164
107331412,102281743
107331412,102275231
107331412,102273013
107331412,102272126
116659204,102813703
116659204,102811300
116659204,102807324
116659204,102805504
116659204,102801499
116659204,102794356
116659204,102323896
116659204,102321955
116659204,102319138
116659204,102317426
116659204,102316439
116659204,102314714
116659204,102313771
116659204,102312987
116659204,102312016
110563345,102315035
110563345,102313368
110563345,102308640
110563345,102296424
110563345,102294850
110563345,102272781
110563345,102264890
110563345,102242169
110563345,102228623
110563345,102226009
110563345,102221694
110563345,102210772
110563345,102171027
110563345,102162788
110563345,102147444
100931380,102846366
100931380,102845685
100931380,102840834
100931380,102839972
100931380,102837094
100931380,102834079
100931380,102828605
100931380,102822721
100931380,102818526
100931380,102807543
100931380,102805860
100931380,102777039
100931380,102432620
100931380,102428320
100931380,102397614
122557469,102841698
122557469,102840351
122557469,102838764
122557469,102837335
122557469,102834788
122557469,102831813
122557469,102828748
122557469,102816649
122557469,102805736
122557469,102798352
116231541,102824117
100133569,102771656
100133569,102418895
100133569,102418583
100133569,102417614
100133569,102417600
100133569,102395555
100133569,102333003
100133569,102329945
100133569,102329795
100133569,102272298
100133569,102272292
100133569,102267193
100133569,102247999
100133569,102243128
100133569,102243095
107331412,102266082
107331412,102264235
107331412,102248741
107331412,102246752
107331412,102243966
107331412,102239054
107331412,102233970
107331412,102229759
107331412,102215303
107331412,102211844
107331412,102191649
107331412,102191012
107331412,102190709
107331412,102187509
107331412,102185083
110563345,102140258
110563345,102130371
110563345,102126185
110563345,102126150
110563345,102122864
110563345,101889497
110563345,101884396
110563345,101880127
110563345,101877951
110563345,101875062
110563345,101868228
110563345,101864696
110563345,101862562
110563345,101859360
110563345,101851473
118616898,102297237
118616898,102297133
118616898,102292402
118616898,102290044
118616898,102284300
118616898,102284263
118616898,102284246
118616898,102283447
118616898,102282456
118616898,102278367
110556059,102842730
110556059,102830608
110556059,102825639
110556059,102805563
110556059,102804284
110556059,102749250
110556059,102223896
110556059,102180284
110556059,102140798
110556059,101872333
110556059,101869546
110556059,101836526
110556059,101835732
110556059,101834127
110556059,101830880
100931380,102351053
100931380,102331842
100931380,102311826
100931380,102300537
100931380,102298408
100931380,102294366
100931380,102274002
100931380,102273999
100931380,102273206
100931380,102266268
100931380,102229297
100931380,102223140
100931380,102223109
100931380,102217400
100931380,102211218
117094981,102338459
117094981,102321919
117094981,102292825
117094981,102284792
117094981,102269813
100006859,100100291
100006859,100098875
100006859,100047790
100006859,100044936
100006859,100043271
100006859,100043255
100006859,100043254
100006859,100041854
100006859,100041557
100006859,100040765
100006859,100040762
100006859,100040460
100006859,100040448
100006859,100039244
100006859,100037166
100133569,102237406
100133569,102235353
100133569,102233752
100133569,102215180
100133569,102215134
100133569,102207288
100133569,102190838
107331412,102182537
107331412,102126628
107331412,102123764
107331412,102122403
107331412,102121857
107331412,101858601
107331412,101848910
107331412,101766033
107331412,101755312
107331412,101719880
107331412,101716918
107331412,101691845
107331412,101684202
107331412,101683534
107331412,101682153
111688047,102813006
111688047,102285925
111688047,102276469
111688047,102271345
110556059,101799641
110556059,101799203
110556059,101799170
110556059,101799134
100931380,102205084
100931380,102205079
100931380,102205074
100931380,102203069
100931380,102203052
100931380,102202978
100931380,102199787
100931380,102199759
100931380,102193897
100931380,102193791
100931380,102193780
100931380,102193764
100931380,102190428
100931380,102189794
100931380,102188639
104632072,101889737
104632072,101888060
104632072,101883873
104632072,101883815
101613903,102423428
101613903,102340535
101613903,102266284
101613903,102231048
101613903,102170893
101613903,101759122
101613903,100644096
101613903,100622985
101613903,100580626
101613903,100579233
101613903,100579232
101613903,100522166
101613903,100515406
101613903,100508520
101613903,100497450
116323757,102843441
116323757,102818668
116323757,102816986
116323757,102785474
116323757,102751150
116323757,102747491
116323757,102418491
116323757,102417220
116323757,102263131
116323757,102241700
116323757,102211784
100684615,102850704
100684615,102849837
100684615,102848815
100684615,102847969
100684615,102838087
100684615,102837055
100684615,102837047
100684615,102837029
100684615,102835645
100684615,102823321
100684615,102815447
100684615,102815103
100684615,102758474
100684615,102755252
100684615,102750083
100006859,100037148
100006859,100035661
100006859,100035496
100006859,100035172
100006859,100034416
100006859,100033324
100006859,100032722
100006859,100032229
100006859,100032204
100006859,100032187
100006859,100029748
100006859,100028745
100006859,100028644
100006859,100028072
100006859,100026074
112543179,102829220
112543179,102811454
112543179,102750089
112543179,102749199
112543179,102747461
112543179,102432149
112543179,102431256
112543179,102431254
112543179,102430345
112543179,102430343
112543179,102429350
112543179,102429349
112543179,102428535
112543179,102428290
112543179,102392442
108397759,102840694
108397759,102839158
108397759,102830696
108397759,102825048
108397759,102824232
108397759,102820959
108397759,102784334
108397759,102772403
108397759,102769948
108397759,102759830
108397759,102749999
108397759,102284738
108397759,102265646
108397759,102224146
108397759,102216963
113655381,102848489
113655381,102823650
113655381,102810396
113655381,102806680
113655381,102803199
113655381,102777314
113655381,102775629
113655381,102774772
113655381,102773913
113655381,102773068
113655381,102772030
113655381,102771398
113655381,102771039
113655381,102770632
113655381,102769631
101613903,100495138
101613903,100494469
101613903,100485963
101613903,100477320
101613903,100457334
101613903,100442216
101613903,100437353
101613903,100434972
101613903,100434443
101613903,100429343
101613903,100425866
101613903,100424717
101613903,100420391
101613903,100417596
101613903,100416721
103963831,102847670
103963831,102847329
103963831,102845800
103963831,102836410
103963831,102823040
103963831,102774638
103963831,102771129
103963831,102763592
103963831,102762664
103963831,102751186
103963831,102747440
103963831,102429656
103963831,102427505
103963831,102423636
103963831,102420634
100684615,102749970
100684615,102428879
100684615,102396247
100684615,102385103
100684615,102385084
100684615,102338004
100684615,102335823
100684615,102331829
100684615,102327768
100684615,102325430
100684615,102316982
100684615,102316973
100684615,102314692
100684615,102312535
100684615,102312498
123164957,102844513
100006859,100026073
100006859,100025983
100006859,100025205
100006859,100025031
100006859,100024914
100006859,100024675
100006859,100024673
100006859,100024672
100006859,100023026
100006859,100022999
100006859,100022995
100006859,100022761
100006859,100022742
100006859,100022739
100006859,100022738
112543179,102340436
112543179,102339066
112543179,102338243
112543179,102334845
112543179,102334844
112543179,102334843
112543179,102334288
112543179,102334287
112543179,102333467
112543179,102333466
112543179,102332522
112543179,102332521
112543179,102331709
112543179,102331704
112543179,102330719
108397759,102193857
108397759,102191980
108397759,102184835
108397759,102184075
108397759,102172452
108397759,102172095
108397759,102167029
108397759,102164302
108397759,102163224
108397759,102161884
108397759,102156090
108397759,102152158
108397759,102151986
108397759,102145791
108397759,102141306
113655381,102768768
113655381,102768092
113655381,102766951
113655381,102766141
113655381,102764454
113655381,102760550
113655381,102752262
113655381,102751214
113655381,102432577
113655381,102424748
113655381,102423754
113655381,102393778
113655381,102386613
113655381,102351602
113655381,102341754
107124718,101707444
107402240,102784093
107402240,102770607
107402240,102768951
107402240,102432468
107402240,102331508
107402240,102301558
107402240,102284021
107402240,102275906
107402240,102177335
107402240,102137811
107402240,102124878
107402240,102115980
107402240,102052101
107402240,101851575
107402240,101838342
101613903,100414212
101613903,100413698
106630553,102850301
106630553,102850081
106630553,102847619
106630553,102837815
106630553,102832801
106630553,102828680
106630553,102826174
106630553,102821874
106630553,102777218
106630553,102772462
106630553,102771850
106630553,102416001
106630553,102286529
106630553,102271922
106630553,102259767
103963831,102394173
103963831,102351549
103963831,102337160
103963831,102332545
103963831,102330189
103963831,102317881
103963831,102305247
103963831,102285977
103963831,102285258
103963831,102274713
103963831,102269278
103963831,102263564
103963831,102258070
103963831,102237642
103963831,102236885
100684615,102312456
100684615,102308739
100684615,102308719
100684615,102308714
100684615,102308701
100684615,102308492
100684615,102304562
100684615,102304519
100684615,102302257
100684615,102302180
100684615,102300936
100684615,102299374
100684615,102295800
100684615,102293392
100684615,102293380
110052734,102844858
110052734,102842392
110052734,102832619
110052734,102831375
110052734,102827899
110052734,102823052
110052734,102820117
110052734,102816866
110052734,102816054
110052734,102805530
110052734,102767937
110052734,102762865
110052734,102759163
110052734,102758420
110052734,102750064
112543179,102330717
112543179,102329823
112543179,102328357
112543179,102327025
112543179,102326887
112543179,102326582
112543179,102326581
112543179,102325342
112543179,102325337
112543179,102323374
112543179,102321579
112543179,102321578
112543179,102318648
112543179,102317703
112543179,102316929
108397759,102138140
108397759,102136947
108397759,102134442
108397759,102129912
108397759,102129528
108397759,102125418
108397759,102123608
108397759,102117712
108397759,102002767
108397759,101937724
108397759,101874876
108397759,101873963
108397759,101865360
108397759,101847134
108397759,101846461
113655381,102340771
113655381,102338252
113655381,102337297
113655381,102242028
113655381,102239091
113655381,102175567
113655381,102174413
113655381,102173671
113655381,102170941
113655381,102168279
113655381,102165829
113655381,102162982
113655381,102159923
113655381,102153372
113655381,102152931
107402240,101833500
107402240,101770200
107402240,101702514
107402240,101697131
114118489,102813980
114118489,102811218
114118489,102781422
114118489,102417505
103513363,102846012
103513363,102839785
103513363,102827716
103513363,102822880
103513363,102819434
103513363,102819173
103513363,102813966
103513363,102813928
103513363,102799142
103513363,102788380
103513363,102785366
103513363,102783078
103513363,102765312
103513363,102765309
103513363,102750581
106630553,102258803
106630553,102254359
106630553,102251464
106630553,102242305
106630553,102229849
106630553,102229837
106630553,102223355
106630553,102222566
106630553,102219866
106630553,102212711
106630553,102200333
106630553,102187985
106630553,102181877
106630553,102175009
106630553,102174162
103963831,102219724
103963831,102175992
103963831,102166480
103963831,102155158
103963831,102155021
103963831,102135312
103963831,102051545
103963831,101879300
103963831,101872966
103963831,101871950
103963831,101854101
103963831,101826275
103963831,101778302
103963831,101767770
103963831,101757977
116813565,102782833
116813565,102782735
116813565,102394439
116813565,102392380
116813565,102341541
116813565,102330726
116813565,102325353
116813565,102320150
116813565,102315844
116813565,102306509
116813565,102303425
116813565,102298982
116813565,102282331
116813565,102282136
116813565,102282046
110052734,102429106
110052734,102422477
110052734,102416904
110052734,102398627
110052734,102398606
110052734,102396357
110052734,102338958
110052734,102337303
110052734,102335891
110052734,102323073
110052734,102320948
110052734,102311631
110052734,102303163
110052734,102202681
110052734,101893116
110815870,102849473
110815870,102839390
110815870,102831529
110815870,102830746
110815870,102827882
110815870,102821844
110815870,102786520
110815870,102773156
110815870,102748083
110815870,102396763
110815870,102340910
110815870,102340565
110815870,102337354
110815870,102300471
110815870,102296004
105746365,102850291
105746365,102850212
105746365,102850198
105746365,102849803
105746365,102849802
105746365,102848309
105746365,102846022
105746365,102842259
105746365,102832738
105746365,102832518
105746365,102830329
105746365,102826102
105746365,102826014
105746365,102825984
105746365,102822659
117064306,102851233
117064306,102847391
117064306,102842184
117064306,102839336
117064306,102833228
117064306,102827897
117064306,102822696
117064306,102820694
117064306,102818064
117064306,102809462
117064306,102805337
117064306,102798460
117064306,102787930
117064306,102428138
117064306,102421392
109977217,102781962
109977217,102781957
109977217,102781954
109977217,102781489
109977217,102781485
103513363,102425781
103513363,102394617
103513363,102334264
103513363,102334262
103513363,102317646
103513363,102317137
103513363,102314807
103513363,102300164
103513363,102287208
103513363,102245929
103513363,102243695
103513363,102234022
103513363,102232949
103513363,102232010
103513363,102229336
106630553,102173269
106630553,102173253
106630553,102172614
106630553,102166857
106630553,102156175
106630553,102151522
106630553,102149729
106630553,102149133
106630553,102149130
106630553,102146810
106630553,102144908
106630553,102144227
106630553,102138887
106630553,102132080
106630553,102131421
11306887,102850825
11306887,102850809
11306887,102844042
11306887,102844005
11306887,102843986
11306887,102843969
11306887,102843767
11306887,102843749
11306887,102841879
11306887,102841871
11306887,102841448
11306887,102841445
11306887,102841444
11306887,102841436
11306887,102841433
116813565,102281855
116813565,102281820
116813565,102281446
116813565,102234496
110815870,102285361
110815870,102276105
110815870,102273651
110815870,102250438
110815870,102234770
110815870,102222575
110815870,102221942
110815870,102218868
110815870,102215065
110815870,102209386
110815870,102207437
105746365,102819303
105746365,102819262
105746365,102814003
105746365,102813322
105746365,102813313
105746365,102813299
105746365,102809732
105746365,102804982
105746365,102804915
105746365,102801742
105746365,102801710
105746365,102795794
105746365,102790556
105746365,102790536
105746365,102790232
117064306,102302194
103513363,102225342
103513363,102222132
103513363,102213650
103513363,102206062
103513363,102200371
103513363,102190858
103513363,102185376
103513363,102180696
103513363,102175886
103513363,102166435
103513363,102157814
103513363,102154725
103513363,102139326
103513363,101949543
103513363,101894167
11306887,102841427
11306887,102841419
11306887,102841397
11306887,102834855
11306887,102834846
11306887,102834830
11306887,102821306
11306887,102815100
11306887,102808063
11306887,102808054
11306887,102808019
11306887,102808004
11306887,102807995
11306887,102807988
11306887,102807983
105746365,102789961
105746365,102782871
105746365,102782852
105746365,102781960
105746365,102775280
105746365,102773726
105746365,102770895
105746365,102768371
105746365,102397889
105746365,102397394
105746365,102394979
105746365,102393636
105746365,102341077
105746365,102340440
105746365,102339793
11306887,102794661
11306887,102794644
11306887,102788947
11306887,102788940
11306887,102788936
11306887,102788923
11306887,102788910
11306887,102785488
11306887,102784850
11306887,102784340
11306887,102784244
11306887,102782518
11306887,102782490
11306887,102776954
11306887,102775917
